<?xml version="1.0" encoding="UTF-8"?>
<project-private xmlns="http://www.netbeans.org/ns/project-private/1">
    <editor-bookmarks xmlns="http://www.netbeans.org/ns/editor-bookmarks/2" lastBookmarkId="0"/>
    <open-files xmlns="http://www.netbeans.org/ns/projectui-open-files/2">
        <group>
            <file>file:/home/jpbc/University/SD/Lab6/sd06ccl2/src/sd/cc/Aplicacao.java</file>
            <file>file:/home/jpbc/University/SD/Lab6/sd06ccl2/src/sd/cc/Consumidor.java</file>
        </group>
    </open-files>
</project-private>
